{
  "Average": {
    "precision": 0.9794847328244275,
    "recall": 0.8376172990616075,
    "f1-score": 0.9030129755883,
    "support": 2451.0
  },
  "Excellent": {
    "precision": 1.0,
    "recall": 0.8706365503080082,
    "f1-score": 0.9308452250274424,
    "support": 487.0
  },
  "Good": {
    "precision": 0.8766059957173448,
    "recall": 1.0,
    "f1-score": 0.9342461845671088,
    "support": 3275.0
  },
  "Poor": {
    "precision": 1.0,
    "recall": 0.9182509505703422,
    "f1-score": 0.9573835480673935,
    "support": 526.0
  },
  "accuracy": 0.9252114557055943,
  "macro avg": {
    "precision": 0.9640226821354431,
    "recall": 0.9066261999849894,
    "f1-score": 0.9313719833125611,
    "support": 6739.0
  },
  "weighted avg": {
    "precision": 0.9325718528159929,
    "recall": 0.9252114557055943,
    "f1-score": 0.9244467173907135,
    "support": 6739.0
  }
}